ID,score
1,8.28335623815688
2,10.0
3,8.699256646763885
4,8.13554542913059
5,6.184840996675773
6,8.02163069811953
7,7.0606144669034006
8,6.198099197728862
9,7.9507392971291315
10,6.126753938142507
11,6.282775995661513
12,5.564528189375876
13,7.6753167694105455
14,8.866576951338008
15,7.674978341147226
16,6.806759987127071
17,9.545089061262495
18,9.751035614461017
19,5.612739801596174
20,9.692923911409459
21,7.032229845054823
22,1.9545678217627618
23,7.925978401148849
24,9.71284203532169
25,4.995602919628615
26,8.706628752162075
27,6.340531000170418
28,7.787916326092809
29,8.77220370636364
30,7.325663103327383
31,8.918996956902074
32,8.831752827206655
33,8.18293369178606
34,5.656361936943026
35,9.747857338109496
36,9.48312311710887
37,5.862896272133926
38,3.7166845414296166
39,9.293706784944455
40,8.860334546778885
41,8.646308819795994
42,9.662210014208739
43,7.758580185427094
44,9.127651953364634
45,10.0
46,9.76103692538897
47,9.278417372869512
48,5.662357744189964
49,8.37008962856036
50,6.8007101588871794
51,9.039233459575664
52,1.4189996397521456
53,6.95148840432977
54,7.8229323096769265
55,5.489734267972749
56,8.392758910850404
57,10.0
58,8.101655387101985
59,3.0726279161836585
60,8.801730461588116
61,9.359211986649154
62,4.962008873381464
63,6.504903923025975
64,10.0
65,8.784844456816415
66,7.532855688833615
67,7.182025757728462
68,9.886620830643054
69,5.680164964662166
70,10.0
71,10.0
72,2.604612477219946
73,8.084371193287016
74,3.775307990544988
75,10.0
76,9.893291548613265
77,5.6190553249451245
78,8.82822358055989
79,8.75825102744471
80,7.042982284769346
81,10.0
82,8.55478162147854
83,7.747852586986591
84,8.936809785150974
85,6.975284256385176
86,7.110707456843133
87,7.455400011627496
88,10.0
89,2.7040736185863303
90,8.400254960383092
91,10.0
92,9.525316898892656
93,6.638600836953731
94,7.526955197734579
95,6.415950853283192
96,5.046553048638036
97,9.69583188801761
98,8.951924705774422
99,8.16723120109972
100,9.443794797480349
101,9.024434350824517
102,4.312329052891155
103,8.763523246451994
104,7.3868004528735955
105,5.94088493813324
106,6.894881836135746
107,10.0
108,6.701498241213672
109,10.0
110,8.159925339599722
111,10.0
112,8.848951662545165
113,7.936932694028227
114,9.825971266290253
115,3.0276841617843004
116,7.3489811503230165
117,9.485233736207798
118,8.938687786389767
119,8.694199120209962
120,10.0
121,8.851040583977374
122,7.797523625074738
123,4.686699194584794
124,10.0
125,6.838713291247916
126,10.0
127,9.902930636526309
128,10.0
129,7.0421131811573
130,3.993225237442263
131,6.666616144276047
132,5.167449019241796
133,6.545195762861885
134,7.752576296228517
135,10.0
136,7.871942358836002
137,7.428283037497168
138,8.86461585338865
139,6.603393137184409
140,6.616625316661356
141,5.419399863168475
142,7.927052899941408
143,9.064805341265838
144,8.309158447625117
145,6.353024562450154
146,10.0
147,7.9516508379210995
148,9.106359306424386
149,7.3417046247840805
150,8.936737527251568
151,8.24449325901692
152,8.739211124184164
153,5.936608298484845
154,10.0
155,3.2752933759302443
156,6.572512369065669
157,8.684463423407081
158,10.0
159,9.717595706774043
160,3.9165611408615537
161,9.477820792572116
162,3.8654850057788015
163,8.672993555146261
164,7.261016303297993
165,10.0
166,8.46378073796392
167,5.014159205184945
168,8.385995534922463
169,10.0
170,7.483884513739857
171,9.319762625174288
172,9.199669624292161
173,10.0
174,8.342159659688852
175,9.957867496457308
176,4.402523043881222
177,6.966096726046535
178,5.712004323348706
179,3.031890259201379
180,9.35060358177421
181,7.084888688845017
182,9.49838850896369
183,10.0
184,7.841859561573574
185,8.116520374666147
186,10.0
187,7.5501584141118965
188,5.147413328734678
189,7.457024246751043
190,7.5098822820937805
191,4.94211991519224
192,5.170630573061756
193,2.614383452442502
194,6.0773209614233314
195,9.960992562791702
196,7.914832957261019
197,10.0
198,8.447405986581428
199,8.574239330938584
200,9.897754063962463
201,6.079977372035838
202,8.203393784755937
203,2.9748561196623386
204,7.577363563491201
205,5.822379457860863
206,10.0
207,9.056978971449102
208,5.422129906437615
209,9.095094947369944
210,8.61879725015953
211,6.15894909427651
212,10.0
213,5.8066119313775975
214,8.465194159192945
215,8.167505229589288
216,8.312144954546158
217,4.312688767525555
218,8.129773969715597
219,9.038482215387768
220,10.0
221,8.180095323095236
222,6.83746006380734
223,8.559175826844877
224,6.949879995516144
225,5.777258297217517
226,9.551655852353875
227,3.8657700895422806
228,8.721531451254709
229,5.02200158338648
230,9.926638767107487
231,4.98361743135013
232,9.058671340454081
233,7.8303970239752365
234,4.929767180967741
235,7.452428053440252
236,6.591718450001781
237,7.989008140253138
238,9.205275834149864
239,5.72160918767258
240,8.944652889387424
241,4.9712332406926265
242,9.474258785121075
243,10.0
244,7.643535102941236
245,4.978456416186903
246,3.4796341137817572
247,8.979108988223453
248,10.0
249,8.440339919621945
250,6.55817619218943
251,7.569283220119712
252,5.54392506467135
253,8.104409538471833
254,10.0
255,1.6983970788297877
256,5.149895920951578
257,8.775649324979879
258,9.640399475380622
259,5.657336029678368
260,8.01350037448034
261,7.213603046940415
262,5.993638057807503
263,7.1852419521869555
264,8.108470664209799
265,6.00251119400218
266,9.475083224828767
267,6.758381444976047
268,7.584369023699574
269,7.397768255908632
270,10.0
271,7.737030849029827
272,9.14233109819585
273,9.056171854297713
274,7.50572858740857
275,9.499369735077208
276,9.144241593045377
277,10.0
278,5.483131352853425
279,10.0
280,9.17229831078677
281,9.304751439958672
282,6.999411888695301
283,9.136854024088262
284,8.493614186272312
285,9.42683584390577
286,8.102422787025848
287,8.49999219475281
288,9.096358927901923
289,8.658788447121738
290,7.927995553904575
291,9.820630326203782
292,6.23559617015746
293,10.0
294,8.497431136829974
295,9.188538405027819
296,9.683488953488812
297,9.439313457468943
298,6.7442643541910705
299,10.0
300,3.576980702788662
301,10.0
302,8.665829050236471
303,4.678143159099598
304,7.319602646018082
305,10.0
306,7.815903728630823
307,8.20831325874883
308,6.1894266604389285
309,7.599507013587928
310,7.6073334247356375
311,7.991951698096994
312,4.001932906454006
313,8.54718425633225
314,2.726618069420709
315,7.232306994169892
316,6.6172209699067395
317,5.807872981452535
318,7.914386090116444
319,9.39844212675022
320,5.578703764750939
321,5.091707173064231
322,10.0
323,7.9365702108032075
324,6.366729669094191
325,8.55818533079527
326,10.0
327,4.178834065183454
328,7.932973075602179
329,6.339635868899029
330,8.586472584524609
331,4.740582978194297
332,8.818885264482322
333,7.0234128497209225
334,8.188278433360164
335,7.967306088712657
336,2.9347282861134163
337,6.4789092390233325
338,9.069512428927784
339,8.6096582075273
340,5.876953696346501
341,7.208140785616612
342,5.933029743238204
343,7.40741831642181
344,9.119150023631823
345,2.4836137723730123
346,5.481949000972972
347,7.546676062998997
348,10.0
349,4.6056966747656585
350,6.756139187759933
351,6.317853059259888
352,3.5102221276507697
353,1.0
354,9.07020117017502
355,9.513044471823076
356,5.140201580479506
357,6.564494199376973
358,8.46181482290715
359,10.0
360,9.424133343547892
361,5.7549289232022405
362,9.936031305805397
363,7.319239416749023
364,8.535773530637206
365,5.890325883702524
366,9.105409990745644
367,8.477331862044842
368,8.670724211274246
369,7.3646271012196225
370,10.0
371,8.215939507110019
372,8.496895346803429
373,9.125786529105536
374,8.531378720649066
375,6.58202594779174
376,8.14166735027489
377,9.87074070583301
378,10.0
379,9.640711514833605
380,10.0
381,7.608146370331468
382,8.825459835234497
383,10.0
384,8.486592155001736
385,6.047636833331511
386,8.864947771946099
387,10.0
388,8.359304207653897
389,4.811546169139232
390,6.80548302315265
391,5.294600517462097
392,3.8674187116385355
393,9.456751734524909
394,9.736028676784635
395,4.924409130121326
396,9.81632639801477
397,8.760989468197645
398,7.7302863882420665
399,9.927300486020638
400,6.97861915643378
401,8.046797135063986
402,10.0
403,10.0
404,10.0
405,7.3782798713691005
406,10.0
407,10.0
408,8.478860020796926
409,3.800613993081972
410,7.068139422886088
411,4.334692745197099
412,6.13646758658939
413,4.306557635944633
414,7.636054878909942
415,5.855551024847815
416,9.959118983773513
417,9.776936972646752
418,10.0
419,10.0
420,10.0
421,8.810419453896722
422,6.346101334886548
423,8.478650131533376
424,9.99666656060838
425,9.766638193304413
426,9.263353461389048
427,7.049361300537427
428,6.568406134902381
429,5.063163534282321
430,7.065121627448471
431,9.438107642331126
432,9.92196000800649
433,9.360171868258218
434,7.440905604757098
435,8.064794866902787
436,6.676417926454854
437,8.810888431852343
438,9.367945584046067
439,10.0
440,7.334351480730899
441,7.300628126833212
442,9.504663554557425
443,8.88131499304462
444,6.135953549548454
445,6.394117400237221
446,6.819601014150923
447,10.0
448,7.6256102513754955
449,9.099312041782872
450,6.065672554428222
451,9.788088248259388
452,6.1331928025639115
453,9.532674925847223
454,7.66869796871261
455,2.4339505998991244
456,9.006030849376552
457,7.826737928028352
458,9.465098792765934
459,8.464110451558808
460,10.0
461,8.644531767271728
462,5.102323115625857
463,8.029947314080918
464,7.861121071152713
465,6.541975493214791
466,9.299968460457732
467,8.898481643433001
468,8.917467297536758
469,8.635654572813122
470,10.0
471,9.416625450658923
472,8.53730059607917
473,5.722627288793213
474,8.119925873256054
475,6.243517636543397
476,3.4245062305735834
477,1.4892166987960496
478,5.997014342216369
479,7.570752573343725
480,7.6771784901720475
481,7.719056061862172
482,5.4556463892175255
483,6.232575287319745
484,7.845464821631128
485,8.057529342236428
486,7.457026767141049
487,9.655950736338111
488,7.055702401412066
489,8.018372636143782
490,9.158572697699794
491,8.217996913166163
492,8.090870624339036
493,4.441880270096759
494,8.047299173175036
495,3.1173506249294065
496,10.0
497,7.760551936943579
498,3.219112765844393
499,7.4551913660205615
500,4.479619577503774
501,5.348135016252809
502,8.918304073267569
503,8.31096472170319
504,8.03752845895672
505,10.0
506,8.873520370586876
507,7.848947866562303
508,9.14504398725521
509,10.0
510,8.98413572958078
511,6.387238920767974
512,6.408953583694922
513,9.187429868008158
514,5.3455914992269635
515,8.361343679759452
516,7.100532444102625
517,10.0
518,8.432678093093465
519,6.081494411875241
520,9.992218249635458
521,8.368000509754324
522,8.527228128341402
523,10.0
524,9.483829213284908
525,10.0
526,8.832425892071834
527,8.405764592312593
528,6.112947288263146
529,9.570111504934976
530,5.32281368169872
531,8.923578182621362
532,4.610518842969537
533,10.0
534,5.618702824956325
535,9.377441758937042
536,8.064456913127051
537,2.880367156127563
538,3.7180305329443777
539,9.508817474309334
540,8.660331181653358
541,6.15930049580031
542,10.0
543,9.334190165498018
544,1.4336304758797085
545,10.0
546,5.139972295449963
547,9.271132279870367
548,8.200467929849813
549,9.444529060482635
550,4.60880757835391
551,8.388346913534
552,7.634742368750427
553,6.684034193098726
554,7.182506143267929
555,6.375704449669895
556,5.294853586469253
557,9.76688943808982
558,7.028955567090893
559,10.0
560,8.751687716218619
561,5.53135886696583
562,3.650919212323364
563,8.024667776694582
564,9.012682388752289
565,5.570275031813431
566,7.318331041096934
567,10.0
568,9.736565900694252
569,7.767172153333919
570,9.341557276523925
571,7.9239449490042615
572,7.350587182779319
573,8.049704866886234
574,9.645809772048956
575,6.5032809720346
576,2.31200749303717
577,6.972481527557589
578,7.604454485859625
579,3.2740211486299984
580,5.811730209185081
581,8.651803310337616
582,9.953890596913205
583,9.406670686176998
584,4.7059736776960435
585,9.042476032750017
586,9.347244866484036
587,10.0
588,9.217238315244547
589,7.956507817584723
590,7.233210392489328
591,8.95831947037983
592,9.073113010397865
593,10.0
594,9.323959114748257
595,5.876763916014229
596,8.325981446946635
597,9.286213739675823
598,5.041787701425822
599,8.999270189488334
600,8.992070682947473
601,9.61137612575373
602,3.6645215588520483
603,4.94411533453156
604,4.5821777687957574
605,2.921323617806815
606,6.578929093569673
607,6.704391916230298
608,7.937302916171976
609,5.795199879546254
610,10.0
611,9.536354769012835
612,4.911706128055241
613,8.162712415309416
614,6.718325910853519
615,7.167054808166263
616,7.148471188023696
617,6.029353227834335
618,7.52011821780331
619,8.320082178413578
620,4.943445396881616
621,4.935567165853671
622,5.821811601048304
623,9.792182169732945
624,8.020877637155516
625,7.2128577121217985
626,8.429630166831588
627,5.9900765365652555
628,4.104441933911242
629,8.857455718318242
630,7.643703573295523
631,5.814898438689928
632,7.278229628139149
633,6.558190383028575
634,6.4739631882298845
635,9.499871647658704
636,9.413084246986472
637,6.7151607392036645
638,8.377067901556808
639,8.007646558087828
640,6.682086319469093
641,9.732255748309749
642,8.433592606838458
643,8.606687082920798
644,6.612687550243831
645,7.704797135051748
646,6.598854132925603
647,8.315572168285321
648,8.91172084293785
649,6.547513795785194
650,10.0
651,9.073521293611385
652,8.026878059249695
653,6.996722938465336
654,7.523841234149294
655,8.70255596477035
656,8.73759688130444
657,4.204249404742135
658,8.673308647774054
659,10.0
660,8.569762052106555
661,8.517536163745573
662,7.200778775645475
663,8.36864182693458
664,3.962610435575757
665,6.935135161212935
666,8.103501162419214
667,6.914382840745197
668,9.09207238606045
669,6.093741166329374
670,10.0
671,7.334829880175901
672,6.5034325846709145
673,9.213518034122966
674,9.038970173652716
675,10.0
676,8.525195381194756
677,10.0
678,8.110820669492409
679,7.057123071982187
680,8.486128218760362
681,10.0
682,5.481995170472384
683,10.0
684,6.618782737799848
685,8.35682123217374
686,7.821651340125857
687,7.731807028997845
688,1.8845058131294472
689,5.480840065917069
690,9.444775278921554
691,6.4089315033254985
692,9.51938157271263
693,7.405444381285812
694,8.342219798182075
695,9.204902355933713
696,3.8198813746556173
697,7.0614971019878645
698,10.0
699,8.6180946660409
700,5.491868888960308
701,10.0
702,6.607652347237908
703,5.544865733819205
704,7.384285372205887
705,6.156722245496733
706,9.559550274364295
707,9.414411320127279
708,10.0
709,6.101565532744258
710,9.02948930400269
711,8.430244226183481
712,9.471354564734161
713,10.0
714,9.78457760796996
715,7.825999557101795
716,6.3585438503426035
717,5.59172643760821
718,5.652019535635753
719,8.417505281712593
720,9.268972946017914
721,10.0
722,8.534196132436005
723,7.474341402800967
724,9.670052319814351
725,4.979758994551317
726,7.212690785975123
727,8.677563258765236
728,9.058800542915051
729,4.905446506337343
730,3.366672678161802
731,8.439829293974723
732,7.383112808779167
733,8.91739902258995
734,9.648875674779266
735,8.130607414730278
736,6.558601703690233
737,7.319225780464168
738,6.659255902084967
739,7.810276703313491
740,8.695661691163943
741,6.719299894075339
742,4.310800695668259
743,8.636402092000354
744,8.761400227858942
745,7.107713849583723
746,9.35229599765
747,9.332996800797265
748,7.945885179039351
749,6.465724961404467
750,8.006809305235548
751,8.172707586789208
752,6.655722511822613
753,8.018021900138672
754,9.731759998234152
755,7.948243105639115
756,10.0
757,5.746871767770608
758,6.208971769951821
759,10.0
760,8.701619135810214
761,7.542936707942657
762,8.529828462421243
763,5.3644143929077615
764,3.8405830999822337
765,6.992915476949537
766,10.0
767,5.906273543524513
768,6.106317240492931
769,6.83184904420969
770,3.7381551450335735
771,9.513202382831889
772,5.200573353609337
773,8.390665017652822
774,9.31668755449109
775,8.344839817838123
776,4.375613438982723
777,8.312902624648622
778,8.835437227384757
779,9.052181577556668
780,9.178261662370513
781,9.517560283771115
782,8.729664802853026
783,10.0
784,8.841658003801365
785,9.552258382291836
786,7.689288640488161
787,4.126597329909196
788,7.982734661539886
789,10.0
790,8.626130290670096
791,9.006513353394409
792,8.24247648959295
793,10.0
794,10.0
795,8.150743111842992
796,2.9398723840625998
797,9.6885965574694
798,7.270821269180092
799,7.559828995830474
800,8.646180890973936
801,9.209894042090394
802,7.255442058273847
803,5.392176704431072
804,8.884463551346135
805,4.900467039495241
806,6.015510300134451
807,4.5485249629291795
808,7.856156664635196
809,8.441362660653773
810,10.0
811,8.455322958196156
812,7.503679110457518
813,5.171121787166301
814,10.0
815,10.0
816,6.987349078907849
817,4.091335943942037
818,8.239870850388193
819,9.401929680665361
820,10.0
821,3.558712502810875
822,7.59616928942812
823,4.848588753589267
824,8.431573654117562
825,8.774562698170472
826,5.350502781752833
827,9.577322110634382
828,7.0840519181513875
829,5.067351353014341
830,10.0
831,5.837229617838565
832,8.419828058814032
833,8.744768405589884
834,8.460515247650473
835,5.482343094305653
836,10.0
837,9.23503827927282
838,6.625842724404124
839,2.716357331986008
840,9.02707924729216
841,5.01483370774073
842,10.0
843,8.119477150798367
844,4.599787439794062
845,3.138510964689145
846,5.777575006178882
847,3.9944330486849915
848,6.983108304635679
849,6.893972508837703
850,7.140122142146496
851,9.248892864754227
852,4.027947309492919
853,9.113176698294437
854,9.703012467888012
855,7.058303593192385
856,9.010313960279452
857,8.584262670685545
858,8.721259404023929
859,3.8858947806297426
860,6.874019363407383
861,6.344915919823321
862,5.700298191898675
863,6.401246897372257
864,7.158994552170002
865,9.324846803817742
866,6.014559475557207
867,6.621852945500211
868,2.9397964744790777
869,3.2326470706469768
870,6.01732742758832
871,6.387066319793711
872,9.003192658026903
873,4.32090787821961
874,5.558524843826542
875,7.206108965021614
876,7.927648332779372
877,2.3190324506335975
878,9.640230457830956
879,3.3047047032806187
880,8.487841870661834
881,5.522847521585389
882,8.887248608083304
883,9.76511384394636
884,1.7315595491493672
885,3.572909062713941
886,9.002376443224506
887,8.210137844283945
888,3.9542397118508337
889,8.990905510702014
890,8.525136335805504
891,7.818527784847806
892,7.623030493716842
893,8.901356223741566
894,4.992974177333789
895,9.772566629855536
896,2.7909438229396075
897,8.007702664058977
898,8.052489431236268
899,6.15229727009347
900,7.47826777532523
901,8.60068864778893
902,10.0
903,3.629879786935342
904,3.3800913770697316
905,4.869241342654587
906,7.713524871029502
907,7.261307806246749
908,5.445740741840043
909,6.0765387001496
910,7.581496998598689
911,6.208438976271476
912,6.837413115471141
913,7.053080209212774
914,8.868861372129455
915,10.0
916,8.388448479501912
917,7.516424746554785
918,9.989798581830051
919,10.0
920,7.364918770121475
921,8.434466158483467
922,9.53475345071733
923,8.645195177246457
924,8.209115175554501
925,8.399243675346149
926,6.47231775547206
927,9.041173311764096
928,3.647550244168771
929,9.013039879757876
930,7.78821175461434
931,8.758812323375105
932,10.0
933,3.213816367639121
934,7.6417174290990895
935,8.787634406167
936,7.418398279986861
937,8.560237939510763
938,10.0
939,6.4238633427755385
940,4.518152917274614
941,6.111452333883266
942,8.10733171620602
943,10.0
944,10.0
945,7.169689034005402
946,9.033945130015306
947,7.486845274666264
948,7.9139905171446845
949,4.414974090021967
950,10.0
951,8.25583044566809
952,9.955509915433383
953,6.678720664191822
954,3.668203395581548
955,4.750504758756178
956,6.925655396609545
957,1.792543759887363
958,9.89358503199614
959,8.555433731952983
960,10.0
961,5.038139001504124
962,6.919066185616112
963,7.064321270511925
964,8.826304954489506
965,8.899444562893038
966,4.245723559861104
967,9.349247627577368
968,9.809595212161202
969,8.156284689053848
970,5.859070169081521
971,9.256209255170626
972,10.0
973,7.004421786148769
974,7.163039741622415
975,9.102107958396266
976,8.875744885897438
977,10.0
978,6.900011791686879
979,9.35737830122142
980,8.029736869853592
981,8.04030038573757
982,8.738138124943688
983,9.594556137090137
984,6.948008035492496
985,7.210865344485416
986,7.055274832701513
987,3.6222774776328786
988,6.204272728030943
989,7.045432387287507
990,6.841604771184503
991,3.925425015557331
992,10.0
993,4.955788463371141
994,10.0
995,6.976868564207756
996,5.254382270299712
997,9.461781805801845
998,6.148527337670305
999,8.03934802932325
1000,6.090870799936752
1001,6.726828598822771
1002,4.754955120375287
1003,10.0
1004,9.553602563137437
1005,7.426828063406636
1006,3.2500586284152555
1007,8.476940964151119
1008,8.404815498253534
1009,10.0
1010,10.0
1011,9.903164265607469
1012,10.0
1013,8.554881855652432
1014,4.348377359739212
1015,9.099987771118165
1016,9.4692576597161
1017,8.651297641645835
1018,8.92966412810873
1019,10.0
1020,10.0
1021,9.629520604399335
1022,8.812872772446731
1023,7.043942099037046
1024,7.389847099609779
1025,8.92967892447233
1026,10.0
1027,10.0
1028,10.0
1029,10.0
1030,8.09210235126889
1031,9.559145579049169
1032,10.0
1033,9.167474087399661
1034,10.0
1035,7.680052788706426
1036,6.45181169852548
1037,6.348353165120108
1038,6.598134692443611
1039,8.30991088050776
1040,3.927143334895959
1041,8.52049163281731
1042,1.300331730065215
1043,6.867590785749375
1044,5.451052711473211
1045,3.715647824681554
1046,7.594278589932954
1047,10.0
1048,6.97989543116865
1049,8.946600848440152
1050,6.162621206126871
1051,9.478697040291117
1052,10.0
1053,9.080452023028393
1054,7.010911076555617
1055,8.03518577974996
1056,8.95112364716058
1057,5.763164200926868
1058,8.690614125618918
1059,4.939658180178007
1060,9.768286953819711
1061,9.90229411203872
1062,10.0
1063,10.0
1064,4.895660269415877
1065,7.959004979593299
1066,2.5634016000523188
1067,8.182631562040005
1068,10.0
1069,8.560569873919613
1070,7.612271539743173
1071,7.868924430633329
1072,10.0
1073,9.717240848980424
1074,10.0
1075,9.98410020267146
1076,7.966717363896038
1077,10.0
1078,8.66928787910684
1079,7.929080673699875
1080,9.210968201886255
1081,6.224256060646944
1082,4.4176793129058725
1083,8.970304462948915
1084,9.278998173341193
1085,6.8862774204809085
1086,8.50678076625553
1087,8.27681263793421
1088,8.14465708274736
1089,7.645238762553213
1090,9.815623049591556
1091,7.967249432623671
1092,9.543195765680245
1093,7.6205601810080354
1094,8.880469853981078
1095,2.8006517447085058
1096,10.0
1097,4.469400648247346
1098,3.128368995677201
1099,6.6884288539221135
1100,9.524144118875638
1101,8.347786790504472
1102,4.653202335483376
1103,5.696999418412672
1104,5.7578179735893995
1105,9.060363694425444
1106,3.834549412416246
1107,9.823665610301619
1108,7.286248639277701
1109,9.157996885310293
1110,6.298875395573453
1111,6.466905395689264
1112,9.691858637409268
1113,6.545216900141013
1114,8.474217271496684
1115,9.707352040288646
1116,7.416435562522489
1117,7.196011873667287
1118,8.166527998968958
1119,9.702057181510979
1120,9.448335355840698
1121,8.320238280893541
1122,9.862525580337458
1123,7.332976049019669
1124,9.350854372568644
1125,8.833726148271609
1126,7.515076364838537
1127,5.680098868958433
1128,8.28625393221002
1129,6.214758338845097
1130,3.0060671791565734
1131,8.389390045530861
1132,10.0
1133,2.537766916223754
1134,10.0
1135,10.0
1136,8.151815756493134
1137,5.873829750740335
1138,5.556740543435957
1139,1.500048797688661
1140,10.0
1141,3.889420275265443
1142,7.334318445853416
1143,6.095114195478429
1144,7.132384145247874
1145,5.7743934404924975
1146,4.187703001094963
1147,8.648587962027909
1148,7.49059499714133
1149,1.777518980421118
1150,4.472430368714093
1151,7.60046659921196
1152,10.0
1153,8.381190539503603
1154,9.925043902656698
1155,8.700890264491886
1156,6.087184358770213
1157,7.3721371992828955
1158,7.627977357159243
1159,6.8806441339150135
1160,7.321684143934458
1161,8.483919390559226
1162,5.830692896554559
1163,2.077073054953975
1164,1.381706974038486
1165,10.0
1166,8.167230108280666
1167,9.19836869921755
1168,9.432774918840405
1169,9.837599289080723
1170,2.42835896658195
1171,4.408535517673587
1172,6.991034097805525
1173,7.264919455002342
1174,10.0
1175,9.402057402134139
1176,4.44433802427027
1177,8.108621050734145
1178,9.318920272181629
1179,4.5879192054426
1180,7.8439552250991165
1181,8.783464358868832
1182,3.264972032707896
1183,10.0
1184,7.087487253593283
1185,8.683132113163632
1186,5.0938501678593
1187,10.0
1188,8.154491779673181
1189,9.913409873401063
1190,8.750142305885932
1191,7.606756790406242
1192,4.404841086351811
1193,6.403456720429881
1194,7.91755821576706
1195,9.734319594058682
1196,5.689191772671787
1197,2.5541266016490827
1198,9.234390115487416
1199,9.684171927835909
1200,5.964950228111392
1201,10.0
1202,5.029682932783287
1203,7.43197145326636
1204,8.883764537796509
1205,9.589231848715464
1206,8.379129692814313
1207,4.628801663863737
1208,4.56934524663086
1209,7.615018814079447
1210,7.787700260988747
1211,1.8225538802671937
1212,8.941177032865511
1213,8.13183799401729
1214,4.64770098797866
1215,6.514378695916283
1216,10.0
1217,4.38263102289719
1218,8.032410306653148
1219,3.072732298963624
1220,8.357976878665875
1221,4.497811062929826
1222,5.944321020893552
1223,10.0
1224,1.4310352913953992
1225,10.0
1226,7.132768785907221
1227,9.004918017827274
1228,6.176488130871074
1229,3.328718855656279
1230,7.869536339913562
1231,7.748034040469282
1232,7.380317857221295
1233,7.301714929508673
1234,8.898262462538058
1235,4.807230303405214
1236,4.67924574650873
1237,8.169054751145834
1238,9.491317695334494
1239,9.402447706340874
1240,9.339492218289529
1241,10.0
1242,7.601123044105069
1243,5.672049841178183
1244,9.792613165342484
1245,6.225915996000561
1246,5.991055711558573
1247,7.33966310501583
1248,9.098796170176584
1249,10.0
1250,6.719360168213436
1251,8.411487814315405
1252,9.691655982879189
1253,7.369891668782814
1254,8.316062468147353
1255,5.6917521602078525
1256,5.6209297881713125
1257,3.599922617923563
1258,10.0
1259,3.0370283144485017
1260,7.629280609486814
1261,7.899975885989792
1262,6.5630952512460246
1263,10.0
1264,7.3799235066164535
1265,8.310270471679344
1266,2.9852515189475217
1267,8.308828583800004
1268,5.830933928293063
1269,8.560637971759492
1270,6.099621221735136
1271,10.0
1272,9.981027782088567
1273,8.8140859150881
1274,9.570669409223004
1275,10.0
1276,7.807359020164501
1277,6.301531622436662
1278,6.905531695997292
1279,6.6285194999744945
1280,3.877533968767107
1281,9.704439017485111
1282,6.911597270196126
1283,10.0
1284,8.305670916576197
1285,3.931066854180053
1286,9.876345916926795
1287,6.453495042760184
1288,8.533235783594133
1289,6.043197442147223
1290,10.0
1291,2.6228054100707796
1292,9.11507717958294
1293,2.2989032830880474
1294,8.013345111582572
1295,9.064926523643077
1296,9.85875188553275
1297,9.874003930816102
1298,8.82245272564705
1299,9.511358355727067
1300,8.324101122191992
1301,8.680420708233973
1302,8.080193083384426
1303,10.0
1304,8.21676708399944
1305,9.118060494809932
1306,5.52991667221564
1307,3.339883593912489
1308,5.232482926383574
1309,4.903071037953651
1310,10.0
1311,9.636350768829143
1312,6.346963097373528
1313,7.273433979412633
1314,9.402669990976603
1315,8.767006846513135
1316,7.052369359129088
1317,7.168539422612117
1318,5.749474951602913
1319,9.191379676671712
1320,8.857065592741124
1321,6.951602626049818
1322,6.860522507304492
1323,9.138923632604746
1324,6.410526979403354
1325,2.847214138863356
1326,7.265956501132107
1327,2.5881997330713644
1328,8.34777341839777
1329,5.813886670597866
1330,9.782357888933275
1331,10.0
1332,7.348646495437777
1333,10.0
1334,8.079872956402053
1335,8.316947905129801
1336,9.415524379489268
1337,9.38505418387366
1338,3.901872316047207
1339,6.757748396508971
1340,5.895615616757986
1341,7.572355791478723
1342,8.190228598215892
1343,8.471103986775375
1344,5.529367904433124
1345,9.044218345772693
1346,4.701956950759936
1347,9.128801076028969
1348,3.2975648669538478
1349,5.284985998486555
1350,10.0
1351,9.160153170717773
1352,10.0
1353,9.532399012966456
1354,10.0
1355,5.5954869497180955
1356,7.096866667648577
1357,7.853990822881334
1358,8.956425000398669
1359,7.682899833307573
1360,2.992708676043281
1361,7.864283224783859
1362,8.27866406953676
1363,8.847001991340845
1364,9.294959122253124
1365,8.965734930188312
1366,10.0
1367,10.0
1368,9.368955099785754
1369,10.0
1370,9.630198861437943
1371,8.324512949250327
1372,9.424975275313066
1373,10.0
1374,7.958160768043956
1375,10.0
1376,7.625685057096164
1377,10.0
1378,5.798589978093311
1379,7.829010246274411
1380,7.097075399536623
1381,4.315341306421348
1382,10.0
1383,6.86124500397752
1384,4.956548551144746
1385,8.915825873387188
1386,6.746228224569713
1387,8.885303729124288
1388,8.920924220128377
1389,9.173220559572881
1390,4.778704068187074
1391,8.347260278254904
1392,10.0
1393,9.512863378387534
1394,9.840335322657248
1395,9.672996062902861
1396,10.0
1397,5.65841543534095
1398,8.266545783244286
1399,4.676466756497606
1400,9.820922496949759
1401,9.656757717546368
1402,8.852952294138746
1403,7.573848923892697
1404,8.4844349450812
1405,6.880180296109023
1406,7.297941789208958
1407,10.0
1408,8.93483087854757
1409,5.4213831289656005
1410,8.959988113213258
1411,8.082840584526469
1412,5.449955982218187
1413,8.458344799602585
1414,10.0
1415,8.156057656916468
1416,6.653161178874475
1417,6.952054789542569
1418,9.578394257993457
1419,6.501094557624932
1420,9.39493994266753
1421,3.170462203736948
1422,9.702573886760584
1423,7.424401907260533
1424,10.0
1425,9.389587472465562
1426,6.511611010016331
1427,9.86072288598055
1428,4.296289561313949
1429,5.408759634206295
1430,7.902069936472816
1431,2.778269896173078
1432,7.353797933909999
1433,3.2931273559952023
1434,9.26396950561896
1435,9.920753121533163
1436,4.831311584644632
1437,8.793121253635391
1438,9.106465025712684
1439,6.251425299876794
1440,7.285192256859163
1441,5.1758706114808835
1442,8.28803389446132
1443,7.513747226294496
1444,8.74080066896237
1445,8.282594609072326
1446,8.224196628760112
1447,8.145616173211605
1448,7.8614458979501025
1449,10.0
1450,5.857214320912058
1451,6.558627609081373
1452,8.526633874009248
1453,9.506199555736575
1454,8.335209590568475
1455,7.17995115755603
1456,6.396968330504166
1457,3.708883984250862
1458,9.056993657804973
1459,9.102505373700374
1460,6.973901067148799
1461,9.436166062511061
1462,3.8905054704606212
1463,6.8285719914288014
1464,10.0
1465,7.215816930995452
1466,6.637452211288778
1467,6.374568542933713
1468,8.62372939583837
1469,2.8676555654459457
1470,6.257911911034457
1471,7.240363544632653
1472,4.199130564124449
1473,10.0
1474,5.754778745694831
1475,6.923170458937443
1476,7.222664821749445
1477,7.6401465580732975
1478,7.537727157425517
1479,3.6961174430260644
1480,9.912653705068372
1481,9.114279868375823
1482,8.784753766188016
1483,5.150986723985111
1484,7.92992108022944
1485,8.891883858809829
1486,5.922479889579578
1487,5.382844938294143
1488,5.063087642288469
1489,9.671225776067379
1490,7.730467217167368
1491,6.957224977943233
1492,7.760357169853003
1493,7.845837054399743
1494,7.090377911660927
1495,9.081162243009246
1496,7.765471894376998
1497,7.706276491662234
1498,8.992699330893076
1499,8.055696396359547
1500,9.619534551704755
1501,7.006317054540681
1502,4.800697685447725
1503,7.527789778729096
1504,9.58221370040596
1505,8.635779203178771
1506,6.8714734353334075
1507,6.834462708251943
1508,1.6449948668349892
1509,6.200716174662986
1510,7.2100541945868315
1511,8.560242783105975
1512,9.353351815354717
1513,6.250667011942196
1514,4.513333238707065
1515,6.392821345315496
1516,3.9310593593662992
1517,4.955137797378218
1518,8.166747368203387
1519,4.3413378944617085
1520,10.0
1521,8.743756646230947
1522,9.548545005688718
1523,8.28922533950848
1524,10.0
1525,9.420551078423095
1526,2.342469903176458
1527,10.0
1528,9.293496031737032
1529,10.0
1530,5.285317915571763
1531,8.331436143999841
1532,9.481905993938302
1533,5.045894268490191
1534,9.355860971348546
1535,6.850934634911457
1536,7.602437366070814
1537,5.806397722145968
1538,7.839358170996717
1539,10.0
1540,8.377002508519073
1541,7.548076832440746
1542,7.475678534738757
1543,8.969359013937353
1544,7.017836443455337
1545,9.18799975817048
1546,5.667208588552454
1547,7.0763044005655
1548,10.0
1549,6.200321325049784
1550,9.828726954746093
1551,8.334480984588922
1552,10.0
1553,9.062181080926754
1554,9.127967368064386
1555,7.930386291759159
1556,7.9460235497414695
1557,10.0
1558,7.727184779689354
1559,3.2928499798372983
1560,2.5210778770017
1561,3.2300938295459605
1562,7.2244921511747435
1563,7.885162110737961
1564,10.0
1565,5.134040578969816
1566,5.684054414516737
1567,4.390135967711421
1568,10.0
1569,7.783335836124107
1570,10.0
1571,7.325870041395087
1572,5.709708933554182
1573,3.5689114410673595
1574,6.342275638547639
1575,10.0
1576,8.818538509288112
1577,7.58918594053212
1578,4.125948342407964
1579,4.422893569327797
1580,9.520309579566842
1581,10.0
1582,9.737571307954019
1583,8.274331093673746
1584,5.496908294403888
1585,9.529925850566302
1586,8.856969532562161
1587,9.004280252969762
1588,6.264550677505859
1589,9.95662986643399
1590,7.80532949810749
1591,7.44045004444433
1592,5.917257574161447
1593,8.906526844536288
1594,7.570312481628222
1595,10.0
1596,8.091231509006052
1597,7.639480697955892
1598,6.712803630052671
1599,6.161623764169903
1600,7.856254320766948
1601,7.128634185850097
1602,10.0
1603,7.101300420599799
1604,6.871903681829991
1605,8.178917601616707
1606,8.863870620788852
1607,6.784449860277913
1608,9.076586647994214
1609,7.52164796503923
1610,8.791384853939595
1611,9.436283629483787
1612,10.0
1613,4.511763314621454
1614,6.407688043130885
1615,6.777029569211711
1616,7.769276510523041
1617,9.811148736106103
1618,8.22056038583188
1619,2.5350268606059507
1620,6.417018420772786
1621,9.530173454494614
1622,10.0
1623,8.01558002689061
1624,5.292833445163229
1625,7.140356491849679
1626,9.562878742046294
1627,9.598044401523216
1628,6.83423459654876
1629,5.247740254537955
1630,8.908170863373865
1631,8.65304228183699
1632,2.8217433434608505
1633,9.184188749664303
1634,5.508807627624467
1635,5.742692565406551
1636,3.78293662558165
1637,5.763748945961662
1638,4.659977545462462
1639,5.341126402369633
1640,10.0
1641,7.573074220405865
1642,10.0
1643,7.70749295914785
1644,8.142943289493397
1645,5.2103587539940035
1646,7.493043000570715
1647,4.589395548678039
1648,8.264009006496137
1649,10.0
1650,6.906697310971132
1651,6.244931746953023
1652,7.644935773588113
1653,2.6694953028059736
1654,8.481123334715331
1655,7.633117191476373
1656,10.0
1657,6.724492096729347
1658,6.995071068517692
1659,4.959626815315001
1660,6.72768090261988
1661,9.63797133469631
1662,6.243573116283353
1663,7.409263396483891
1664,8.59656993517242
1665,8.995211637287188
1666,6.7484059605640505
1667,5.363906086004141
1668,7.570212870273049
1669,7.7207842231005355
1670,10.0
1671,10.0
1672,9.035506811611162
1673,8.004521282710888
1674,6.673389541884911
1675,9.300212191948065
1676,9.791701340466599
1677,6.660618985398548
1678,8.482250531537847
1679,8.990352302455078
1680,9.14156458306868
1681,9.768249085331092
1682,9.703572920982849
1683,10.0
1684,3.707081857727044
1685,6.716321511680092
1686,8.92334484202621
1687,7.906652091170972
1688,5.451158837852806
1689,3.1619049033882427
1690,7.839357907563319
1691,9.931411726262912
1692,9.077284282246408
1693,4.8040197238010975
1694,8.533314483099819
1695,6.266302594111853
1696,8.397654973011988
1697,8.785472315633942
1698,10.0
1699,6.129807965860766
1700,10.0
1701,8.947335433577585
1702,7.069841502488662
1703,6.591074793647349
1704,7.887516745839359
1705,9.516021681453497
1706,9.763096041353515
1707,10.0
1708,9.97882194313263
1709,7.1181359476142125
1710,7.180009421551952
1711,7.212177301299896
1712,5.214094484193299
1713,6.516477810368005
1714,8.193702181668518
1715,10.0
1716,4.69394775905105
1717,4.383757413785555
1718,8.93231776457306
1719,10.0
1720,9.772365655992969
1721,5.434972086526998
1722,7.873190171349591
1723,7.9768598935567505
1724,9.097538805912139
1725,8.8373623273874
1726,9.17405071561189
1727,10.0
1728,8.378340082486773
1729,3.411367675054898
1730,8.819569154287969
1731,10.0
1732,9.444053760141363
1733,7.946209113811417
1734,9.75145311136286
1735,8.0322539104741
1736,10.0
1737,7.774090495979808
1738,6.865283914842658
1739,8.177311438582134
1740,8.237509857677761
1741,10.0
1742,8.69305510551401
1743,9.298750503367097
1744,4.3599419294921224
1745,7.731795839195506
1746,6.1314878563585875
1747,8.255601221109702
1748,8.099980840774485
1749,3.9830080880561707
1750,10.0
1751,5.599378429210403
1752,5.726032897422191
1753,6.083778497876577
1754,7.774498688669707
1755,6.968068882494731
1756,5.7503892404017645
1757,9.168692884121679
1758,6.447249547093925
1759,7.901288655314203
1760,3.137024647923802
1761,7.758909345436357
1762,7.843302385303153
1763,9.375690809370635
1764,6.139288962863175
1765,6.513545215368311
1766,9.745650621135136
1767,7.948936229710911
1768,5.369682500439442
1769,10.0
1770,1.6220094200991957
1771,10.0
1772,9.411171523322915
1773,10.0
1774,7.017483282916786
1775,5.277435315389063
1776,7.073047523411746
1777,8.172695558605593
1778,9.720606881218384
1779,8.339242015763773
1780,6.439546260311016
1781,10.0
1782,10.0
1783,9.211385420196075
1784,7.148673964756765
1785,9.50966154761884
1786,6.290512498653512
1787,9.001213049820867
1788,9.255377285514083
1789,9.520616216040775
1790,4.747158541249468
1791,5.7984426794780095
1792,8.632163280477554
1793,9.857165312083518
1794,8.743848699210632
1795,7.51715270255318
1796,8.900519107495919
1797,10.0
1798,7.8440424673334075
1799,7.958467259433432
1800,6.311846954873369
1801,7.996369646617808
1802,5.113046098741467
1803,9.358035488861256
1804,6.765044301431817
1805,8.672730649481913
1806,8.523719640091501
1807,9.802644461917492
1808,9.349807137649465
1809,8.281317160173549
1810,5.885021946580338
1811,9.682905037084431
1812,6.365416464061616
1813,9.842369544387516
1814,8.961836056207778
1815,4.124634883061172
1816,8.922038354364089
1817,3.8874867138827285
1818,10.0
1819,10.0
1820,5.267441306297545
1821,9.138740523194965
1822,9.867441862187357
1823,3.8391704176683326
1824,7.552162510785889
1825,9.017404805655636
1826,8.195054987968186
1827,5.490896374198981
1828,10.0
1829,7.826282587605576
1830,7.56450094720113
1831,9.129314857834485
1832,8.131781114848636
1833,3.4724583135059155
1834,9.715815148169424
1835,7.844394344294705
1836,10.0
1837,9.809539158025338
1838,9.302989419120989
1839,8.258202466957435
1840,7.454814657825926
1841,9.685937356104828
1842,8.093886835929714
1843,9.322995512356698
1844,9.603478983119992
1845,5.048743612227503
1846,9.622299740269508
1847,10.0
1848,6.735054108681893
1849,4.238139464718743
1850,4.840438520624831
1851,7.32596582022756
1852,8.929165799458866
1853,1.496241621728611
1854,6.9803116260001365
1855,9.7118338357737
1856,6.684014727947919
1857,10.0
1858,4.908644691744754
1859,5.893001673135566
1860,8.02206734633367
1861,5.572120795136955
1862,7.700734478854066
1863,9.080328550802491
1864,5.048633109806684
1865,10.0
1866,10.0
1867,9.582263845077307
1868,8.487545260349687
1869,10.0
1870,6.995431105140876
1871,9.323711436963197
1872,7.719243674223022
1873,3.9071643299580763
1874,8.915198515654478
1875,2.747908353978046
1876,8.223051730981487
1877,9.15336493272837
1878,8.665673784904788
1879,9.97296803351929
1880,10.0
1881,10.0
1882,4.034421835285715
1883,9.9081210460793
1884,4.361186278781648
1885,10.0
1886,6.867468861006078
1887,8.726989648800439
1888,8.625434055569945
1889,10.0
1890,3.561582094137287
1891,7.209521546375478
1892,9.970776237851853
1893,5.141847267442402
1894,6.139963892929415
1895,7.043942099037046
1896,6.844197378263313
1897,6.766008673257011
1898,8.576034538983869
1899,10.0
1900,6.616878645199593
1901,8.06562778359457
1902,8.546259584258625
1903,9.630257470453012
1904,10.0
1905,5.337009858548878
1906,5.9810038215745776
1907,4.032018883806213
1908,6.82549104429928
1909,4.42303255985624
1910,4.236224516936894
1911,4.682364443556779
1912,4.410268070934701
1913,3.8062154228068996
1914,5.95142285742654
1915,8.412628612666794
1916,1.87736328775385
1917,10.0
1918,9.387307888654844
1919,9.382833458439338
1920,9.250921497912703
1921,8.325239387602553
1922,9.32766422205431
1923,9.664654175858795
1924,4.390939059743534
1925,10.0
1926,7.975044074953076
1927,9.241624424870922
1928,5.794856426623398
1929,8.609351488590994
1930,7.095261663020532
1931,1.8971019164383378
1932,5.460437603984307
1933,7.8781755035417556
1934,8.268938229667283
1935,5.075709595865363
1936,7.84986486572079
1937,9.964108717680048
1938,7.0262715164270055
1939,8.76188431808997
1940,3.316010729745225
1941,7.479367222780835
1942,8.148936563941088
1943,8.040052790359294
1944,8.509927318172165
1945,7.866464003568684
1946,10.0
1947,7.200716208907405
1948,8.352463464713862
1949,8.222476449443878
1950,9.121744497198156
1951,8.305665092635321
1952,6.228303750301541
1953,4.768595753701788
1954,7.378282617983726
1955,7.35093037727464
1956,5.752648638071234
1957,10.0
1958,9.519362135606528
1959,9.895531182690087
1960,5.6168727700598
1961,6.777859362759158
1962,9.574252858328128
1963,7.773599957691415
1964,10.0
1965,9.902359094969162
1966,7.816441299612752
1967,1.0548852041299284
1968,5.9189191392804394
1969,5.882942868705058
1970,6.269089945188089
1971,3.2400380366608763
1972,8.308104533465736
1973,9.163745876621531
1974,10.0
1975,9.302253746369868
1976,5.9045327062865525
1977,8.718857664519067
1978,3.434124954336746
1979,7.91455771420618
1980,5.058432762614168
1981,6.374395139129044
1982,3.107257574390843
1983,4.524110673336355
1984,8.788783748934037
1985,7.458041789254891
1986,2.9453329597619056
1987,8.561685428929243
1988,9.636761276151914
1989,8.686358395803536
1990,7.677657430720308
1991,6.2928120568634
1992,9.145639021379907
1993,5.149292772164011
1994,2.971674966927623
1995,7.419791073476674
1996,3.2001569510249026
1997,5.943665412403622
1998,8.021516699848057
1999,6.942667958337819
2000,7.545051417270107
2001,7.483534085483834
2002,6.790752922330624
2003,6.129442501310536
2004,6.575218285726069
2005,10.0
2006,7.7213053374135185
2007,6.89058245313405
2008,8.752519805197206
2009,9.954246108233882
2010,5.676522712895831
2011,8.637916548898094
2012,7.475154416518507
2013,6.199278725721557
2014,4.725049364197439
2015,4.609485267655019
2016,8.001593998529954
2017,8.862398841576276
2018,3.7079546327726716
2019,7.72650753063395
2020,8.061613305676058
2021,8.41129540412519
2022,5.172202375108724
2023,10.0
2024,3.8544308270573118
2025,8.5815149867793
2026,7.409489454774357
2027,6.052171917719116
2028,8.356129418488097
2029,8.347390092806268
2030,8.736770998587172
2031,8.419703133567488
2032,9.864677292961051
2033,6.963939927323968
2034,8.883544799122872
2035,10.0
2036,3.738562547705845
2037,9.111086731961679
2038,7.576349302058149
2039,10.0
2040,4.011497226644442
2041,10.0
2042,10.0
2043,3.1917956838854207
2044,9.313253783914643
2045,7.44928036866619
2046,8.283338254911895
2047,10.0
2048,6.866140238269241
2049,10.0
2050,9.345628815424874
2051,5.77776043321774
2052,5.2231624731527795
2053,5.195539460503342
2054,5.112852076956863
2055,8.086681401069697
2056,8.675610317183457
2057,8.751474982546135
2058,8.634700084016725
2059,8.266122984910535
2060,9.641974670457525
2061,5.768746636807322
2062,6.354328106098925
2063,6.267209140228339
2064,8.983974756094884
2065,6.3877635732330855
2066,8.929974264501945
2067,10.0
2068,9.464203723253442
2069,9.670057725685487
2070,10.0
2071,9.005257340804876
2072,2.8257511379086866
2073,6.435994113608591
2074,9.337435890562935
2075,7.780137403140883
2076,7.307887390618926
2077,8.80184175778016
2078,8.644657662190317
2079,5.924736832196899
2080,4.987997107564476
2081,6.768357038726997
2082,10.0
2083,7.318691999457714
2084,8.629992484032092
2085,9.146095600696674
2086,7.481023359280642
2087,5.537107063693819
2088,9.547968464776101
2089,10.0
2090,9.42302278111794
2091,8.496510151415833
2092,8.118852889835063
2093,7.006609114642144
2094,10.0
2095,1.634697456755103
2096,9.787725912479768
2097,5.481724339859742
2098,3.6052143919220403
2099,9.018507083092764
2100,8.430676480498526
2101,5.389153395465184
2102,9.72504755853093
2103,8.203925633906936
2104,3.1397102847303007
2105,9.227018578746785
2106,9.127606075681168
2107,8.197026873954655
2108,10.0
2109,8.723554516191925
2110,7.507050389389998
2111,8.201044306447516
2112,7.664460816609883
2113,6.9379186101306
2114,8.233536492534839
2115,8.602250146978845
2116,10.0
2117,9.916037518464162
2118,4.596668862853212
2119,5.886891272765692
2120,7.779300888844098
2121,4.88938393846549
2122,7.731808590366753
2123,7.5653266949351305
2124,8.285805051423338
2125,8.130327142327033
2126,8.237360371396274
2127,10.0
2128,8.249367166700962
2129,9.011761863402995
2130,8.354751241635993
2131,9.100821283070317
2132,6.017442869763053
2133,9.363898928930185
2134,6.052441152038746
2135,6.34357399379385
2136,8.625415122809502
2137,6.984118556353861
2138,6.9744921016475
2139,5.679584658756111
2140,2.742930339687059
2141,9.85542594587471
2142,9.085143886220196
2143,7.4959507473071625
2144,5.96127053922708
2145,8.64575025765468
2146,8.178602473899376
2147,9.692599824897755
2148,3.9469812030778337
2149,5.759854823837573
2150,10.0
2151,9.136199994809273
2152,8.41752717349326
2153,9.230017531609583
2154,6.90917684647105
2155,4.09414196835751
2156,7.018194159804239
2157,10.0
2158,7.973769101914191
2159,3.72485102204007
2160,7.755762862642832
2161,7.464506054435612
2162,6.712378171926778
2163,7.407582936341806
2164,7.349920992686129
2165,6.48160824139611
2166,10.0
2167,10.0
2168,8.31282796503989
2169,8.28176693048594
2170,2.9861594389414163
2171,6.2632617479994
2172,8.174517461404655
2173,5.307501219891401
2174,9.226410847728355
2175,7.486520015878379
2176,3.1336065310162065
2177,9.24539555344991
2178,6.974510876681976
2179,9.722298442269798
2180,4.544322965504503
2181,8.509741397834171
2182,7.367752725743247
2183,10.0
2184,7.602401986723152
2185,9.111232578604922
2186,4.084705560095308
2187,9.14080114806533
2188,9.408375681654617
2189,8.947609064103803
2190,6.220100466778139
2191,8.291461372369367
2192,6.803220408993001
2193,6.458966148492451
2194,6.366175556707899
2195,6.696147864621233
2196,4.850411359991871
2197,8.86454265053325
2198,8.302003664798148
2199,8.077918343016847
2200,8.538021155744998
2201,7.89154843097149
2202,7.473513567769378
2203,4.52287327825816
2204,9.36773547375246
2205,4.567411590156534
2206,3.2867139738466267
2207,3.2702511524853195
2208,10.0
2209,9.037095657819242
2210,8.644531767271728
2211,8.096683639414358
2212,8.901053472791302
2213,8.302975930747728
2214,7.658477319556092
2215,9.743837544971191
2216,8.215590425436673
2217,8.076612525645956
2218,9.766084063654274
2219,9.501325264270365
2220,7.024386829671081
2221,10.0
2222,7.109094150210941
2223,8.920678228581918
2224,5.4181124556269635
2225,7.672031806889461
2226,9.64501504072805
2227,10.0
2228,5.484452866926023
2229,8.66144398041745
2230,3.8896678531521234
2231,7.97489375404972
2232,7.839860025873236
2233,8.517839101086029
2234,5.86253058179518
2235,10.0
2236,5.727668779757269
2237,6.398068001049712
2238,9.12578743442144
2239,9.021136677626567
2240,5.370317707744713
2241,9.279043511467753
2242,6.6305477101184245
2243,9.085120743072125
2244,7.681945022368546
2245,9.347105483311674
2246,9.009621558895315
2247,9.514279624775352
2248,10.0
2249,7.479048062580137
2250,3.7330388359450977
2251,10.0
2252,9.496247401528562
2253,2.2290682609861077
2254,7.747927931438403
2255,8.985981903127099
2256,9.770613553911963
2257,6.946078970830772
2258,4.514718382801128
2259,5.993554062369517
2260,7.9645586806785085
2261,7.276284051340398
2262,3.202026847272228
2263,4.59938859485591
2264,6.802773452832422
2265,5.975636944050841
2266,8.238372135161098
2267,6.597950370842803
2268,7.173355139616472
2269,6.353898533573222
2270,5.47924778857167
2271,9.375932931207
2272,9.16043507785389
2273,4.855705279281964
2274,9.294511797610637
2275,8.865802462183364
2276,4.151700889972299
2277,8.277946789498397
2278,6.998575383143877
2279,10.0
2280,9.354763545817486
2281,4.023084361405199
2282,7.3149728463983985
2283,10.0
2284,8.571417502657154
2285,7.878459413417868
2286,6.454123479158295
2287,8.084336809961492
2288,8.325689062957318
2289,6.190505977182537
2290,9.42425263896939
2291,4.342860868307197
2292,8.182390193788148
2293,9.33586880844391
2294,8.169119240526284
2295,6.989271257652746
2296,4.812462456524195
2297,6.776172054384028
2298,10.0
2299,9.35682609828647
2300,7.4200640890117775
2301,9.01484036026016
2302,5.930879984847506
2303,8.276952256618138
2304,7.346331399427601
2305,10.0
2306,2.83567913724683
2307,6.89508865507491
2308,5.445276841758961
2309,8.090375921341467
2310,6.909183682117312
2311,7.628432238776195
2312,7.494760541887505
2313,7.168254357653861
2314,10.0
2315,8.754866195966718
2316,10.0
2317,9.669828455556042
2318,9.585058130259815
2319,4.793639378099846
2320,2.0237240816714084
2321,5.434452583299949
2322,9.179193552714791
2323,8.342777489779367
2324,1.7910038694653763
2325,9.015408654697604
2326,8.086469634646274
2327,8.169937147319228
2328,8.066603444379128
2329,7.68406619064231
2330,9.309817469143802
2331,8.622448303140176
2332,7.720068488911653
2333,9.161761448400984
2334,7.973565583021446
2335,7.650263846875749
2336,10.0
2337,7.989793905697882
2338,6.009266233097744
2339,8.369233206626358
2340,3.98806800036587
2341,5.524529458231301
2342,2.4663958020632513
2343,7.416346016929468
2344,4.948680075921599
2345,4.8359556213123716
2346,7.896265157146169
2347,4.542320529517182
2348,7.182831455887651
2349,8.692401402181163
2350,5.83298731791281
2351,10.0
2352,9.525655050165177
2353,7.334257592474504
2354,6.867964543755329
2355,8.75288631888338
2356,9.42630386388042
2357,3.9436972242487607
2358,4.917478924025997
2359,6.083676108787051
2360,7.21539359551783
2361,8.58005678675883
2362,9.026741873617597
2363,6.979606247998454
2364,9.647777978878427
2365,9.65183516201726
2366,8.875112117884205
2367,9.551802393525282
2368,9.724465525681785
2369,8.825004215511036
2370,9.655615067937388
2371,1.8380604844352322
2372,5.882754564068542
2373,5.87397274177859
2374,6.33444354921798
2375,4.735178967746305
2376,8.14812080291725
2377,7.125685542788492
2378,8.61949443861688
2379,7.1992382085638384
2380,8.712787453063932
2381,8.353319747514117
2382,4.848290008401244
2383,7.908631954633817
2384,8.302401485887582
2385,2.894541150575496
2386,7.566240598214007
2387,9.64164197947554
2388,8.892930163287565
2389,7.024148644424329
2390,9.44764254794547
2391,6.475334287667749
2392,4.263464499046666
2393,7.38494780686034
2394,4.862556325690477
2395,4.1945025238791365
2396,9.474516318007627
2397,8.490461718366781
2398,7.690625758903204
2399,9.202687923100688
2400,7.673986659486962
2401,8.157188507410503
2402,9.504562122515312
2403,7.488361205738598
2404,6.964955586653441
2405,7.228774829259168
2406,8.56398134576665
2407,8.76716111985953
2408,5.212570520794391
2409,10.0
2410,7.893282421698859
2411,4.857143273504927
2412,7.2779138447630105
2413,8.175440033369743
2414,9.889264417878387
2415,9.3158051784445
2416,10.0
2417,10.0
2418,2.1270834878665252
2419,9.613671986754264
2420,8.266027989114823
2421,8.965071746688542
2422,6.197168884296871
2423,5.982354613664857
2424,7.407779381986558
2425,8.171811256950564
2426,6.998070995173231
2427,3.856956032921135
2428,5.753894255844371
2429,8.522485631713622
2430,7.808156994760655
2431,7.003791560912933
2432,10.0
2433,5.383038398629765
2434,6.534408642912664
2435,6.750663537197581
2436,7.657265635675032
2437,6.980613202445836
2438,7.886584457130417
2439,8.138433480084597
2440,7.539020085772164
2441,8.308819428789059
2442,9.235321654124418
2443,9.801715693714671
2444,8.449769651856432
2445,8.764353726324916
2446,5.525574106464354
2447,8.792962776155754
2448,3.5316025724450366
2449,7.411545310263967
2450,6.136834900114308
2451,8.075992280862717
2452,2.9654459200474297
2453,7.169651782307253
2454,7.552328180688289
2455,6.375966911207063
2456,9.252978033205585
2457,7.389107772990776
2458,8.970785244193252
2459,7.548593995743802
2460,9.011557479467225
2461,4.091824549691113
2462,9.129235766341244
2463,3.90804480319665
2464,6.618465772236
2465,8.902132028418997
2466,8.834973524261972
2467,8.298634372874014
2468,9.351014166182537
2469,3.9625110495745606
2470,7.898400765322332
2471,10.0
2472,6.836692809094961
2473,8.559452454803594
2474,8.200817809719643
2475,8.304967355430033
2476,6.923439178160067
2477,5.072818772890637
2478,9.936583752685086
2479,2.808084529821388
2480,8.645189428263848
2481,2.7369964550193178
2482,9.3104415259898
2483,8.217850215073252
2484,7.702148568072534
2485,8.6050306847626
2486,6.860895460978702
2487,7.626117966171857
2488,4.786667436513997
2489,7.669038993898011
2490,8.424368882256314
2491,10.0
2492,9.320788672628657
2493,9.248474724816317
2494,6.860567251440586
2495,7.0281308060477095
2496,3.570779723052331
2497,8.219099421286431
2498,5.832324709091105
2499,8.160153013627193
2500,5.1513573954332506
2501,8.046957018506697
2502,9.885553129296705
2503,8.251200162589104
2504,7.6777564805794745
2505,8.841506953264247
2506,8.090360208324846
2507,7.182328860650727
2508,4.569547579222173
2509,8.87311519136696
2510,9.488564723036887
2511,7.422805525123266
2512,6.917073360975763
2513,6.275304847584484
2514,9.89243808932674
2515,10.0
2516,8.40327769831194
2517,6.435648853409604
2518,6.516728256037607
2519,7.155848464331896
2520,9.542743624711534
2521,6.581529977464422
2522,6.062911633744402
2523,10.0
2524,5.330610252558077
2525,10.0
2526,7.631725124080224
2527,8.629853291909853
2528,9.631049199029173
2529,9.289420477857814
2530,7.35904621923496
2531,10.0
2532,10.0
2533,2.6327109027911693
2534,7.2415632998914115
2535,5.520115663572568
2536,3.290861213776443
2537,8.241622642517415
2538,10.0
2539,5.2606904506021825
2540,8.479160032093414
2541,7.6010874138304505
2542,4.7567512925899145
2543,8.413782174155461
2544,10.0
2545,6.792652639188701
2546,3.338223785665514
2547,8.73174872603021
2548,4.609353869102943
2549,7.607583020879903
2550,7.88336537004103
2551,10.0
2552,8.567875632558847
2553,8.812243155551734
2554,8.728297126501515
2555,7.177980664951454
2556,5.020332926502483
2557,7.299996594836277
2558,10.0
2559,9.901421753700657
2560,7.455058571316767
2561,6.054818888857709
2562,1.5206650424270807
2563,6.270773399965196
2564,7.4396524328960885
2565,10.0
2566,6.38089078453116
2567,4.184955768886312
2568,4.835491955600139
2569,10.0
2570,8.676115529485601
2571,5.359206360791998
2572,8.2858634434422
2573,5.498631573591083
2574,9.22621732010604
2575,9.310522646935933
2576,9.234064981491235
2577,7.086923031638007
2578,7.255823169625001
2579,3.350416433991562
2580,10.0
2581,6.807022198874867
2582,9.958864233120776
2583,8.726424385806913
2584,9.493040624425978
2585,2.0894441855184263
2586,9.948226498148086
2587,9.340150428159955
2588,7.529390806876334
2589,6.982675548676316
2590,10.0
2591,6.025227046639967
2592,9.266823857330861
2593,9.573477333891002
2594,10.0
2595,7.492343679786932
2596,7.221970121567416
2597,7.964480401772594
2598,3.9854382257271466
2599,8.911213962712326
2600,5.070489954131303
2601,9.67634660799872
2602,9.913367266394554
2603,6.295142343214823
2604,7.846980212709849
2605,6.355548579644689
2606,5.985427327896421
2607,8.108039606126265
2608,8.13750863803422
2609,6.929404823823926
2610,8.015835550158187
2611,7.870137453027169
2612,6.567891658971831
2613,5.796060815728072
2614,7.035723624555151
2615,8.940330625044567
2616,5.568993583913832
2617,7.552307535494638
2618,2.091718755565389
2619,10.0
2620,5.568985557296889
2621,4.512613442998052
2622,6.837890319867098
2623,9.324636643842537
2624,7.1852941553463925
2625,7.626552439522196
2626,9.74597119150618
2627,6.939492655800724
2628,8.729426163261923
2629,6.538581804827062
2630,4.647445155572747
2631,10.0
2632,10.0
2633,5.016667059082951
2634,10.0
2635,3.1693187732016317
2636,7.680296215393128
2637,5.874019654959222
2638,5.206107370041972
2639,3.669647023018322
2640,8.018498151882774
2641,9.713065844227515
2642,4.212972945715868
2643,6.005569186077686
2644,10.0
2645,8.680425035720221
2646,6.749934805032875
2647,3.356976411491538
2648,5.8901657143477575
2649,9.0471196786792
2650,7.010876697528735
2651,10.0
2652,7.931520412944201
2653,7.805667238183031
2654,4.617374816111601
2655,8.32685976576587
2656,3.4525478382015495
2657,7.099002743731297
2658,8.643697108282124
2659,6.516311373898994
2660,6.945059325476471
2661,4.917675562688387
2662,4.631177524419801
2663,10.0
2664,9.978137800978025
2665,8.051554943511093
2666,8.26173293248126
2667,3.814625448109295
2668,5.626982356101575
2669,9.845473954309067
2670,10.0
2671,8.593702640895343
2672,7.758866535663202
2673,9.40908263725873
2674,9.193348320064873
2675,5.073295503728879
2676,6.9051219926418845
2677,9.252081551858735
2678,10.0
2679,6.3496935550524745
2680,3.8022910598562842
2681,6.951074423588655
2682,10.0
2683,7.032965490725004
2684,9.620227047384049
2685,7.6945660545242776
2686,7.855488936697644
2687,9.962239179814448
2688,7.050500857081269
2689,10.0
2690,5.905136876696437
2691,4.518962582589592
2692,10.0
2693,8.345524390820975
2694,8.869919654595183
2695,9.036481864370694
2696,7.768374917294274
2697,10.0
2698,8.055754690796402
2699,7.679323325596851
2700,7.140505450551056
2701,8.164107090490262
2702,5.2277185966595665
2703,10.0
2704,6.809703220144798
2705,8.323133316843762
2706,9.018411539619414
2707,8.4485362145034
2708,8.151989769689443
2709,9.714516724621557
2710,7.129466364671397
2711,9.794197382917071
2712,7.9002331724607044
2713,5.589245167588179
2714,9.835439376462991
2715,8.397209949231586
2716,7.675610739586763
2717,8.326490083523948
2718,8.72484588169687
2719,8.798723897871083
2720,9.39496286740081
2721,10.0
2722,8.699208951919523
2723,10.0
2724,8.696309256988908
2725,8.250351850278175
2726,8.952806804918195
2727,8.539762377647035
2728,6.934065136674312
2729,8.455663085547327
2730,7.371204586095925
2731,6.143046998203785
2732,6.3107784022210165
2733,7.704313583692998
2734,7.383388632515202
2735,7.503098523554059
2736,6.301312717503256
2737,8.777594193247262
2738,8.56145290404432
2739,8.88602612699986
2740,6.887906342303927
2741,6.766670865901705
2742,8.9043842424486
2743,8.98230060718952
2744,8.099429777916889
2745,6.261533504029422
2746,7.9465354599608
2747,9.570758563229786
2748,2.3711793931839202
2749,7.668707785916767
2750,7.581684208572071
2751,6.404798555095478
2752,5.102154894298812
2753,7.310681714957661
2754,5.950049258533539
2755,9.919163671986958
2756,9.012543334764025
2757,7.095025475277772
2758,6.222158485841449
2759,9.342355859836402
2760,9.345619565716051
2761,10.0
2762,7.818782716762394
2763,9.104417701825456
2764,8.989146247938503
2765,9.01648265208866
2766,6.573555301018636
2767,8.353142463780541
2768,8.72197705730879
2769,9.671846901481267
2770,10.0
2771,9.468769066289052
2772,9.284072995912933
2773,9.71093936957492
2774,8.380797736050347
2775,8.913096580345536
2776,2.7573700695189327
2777,9.985656542880015
2778,9.752486189500685
2779,7.8567468408036305
2780,8.882393754638185
2781,6.080991720577213
2782,6.188887384190215
2783,5.561323244685943
2784,8.44146339327424
2785,9.679464908370512
2786,7.879112467049967
2787,9.93110419289405
2788,5.3285935361588805
2789,10.0
2790,5.304615287301271
2791,9.328372775206827
2792,8.791282722369441
2793,8.968268679677445
2794,9.04941744859385
2795,9.129607682860746
2796,7.187415739232038
2797,7.663828714526417
2798,8.08815009097282
2799,9.913172772401287
2800,5.443692917866693
2801,7.374676838832738
2802,7.427168112536646
2803,8.185575013620765
2804,10.0
2805,7.142732150000608
2806,5.3667294096857345
2807,7.007899651511012
2808,9.199763248665311
2809,7.899279923572362
2810,8.106868686078142
2811,8.99865453739694
2812,6.441419772599166
2813,2.7079606670203042
2814,8.43021078210453
2815,10.0
2816,8.390070046432136
2817,7.788588387999182
2818,4.549592953668587
2819,10.0
2820,9.728333232477757
2821,8.287624785710427
2822,7.033249904180239
2823,7.697650627089449
2824,6.3871372089915415
2825,9.510386345922777
2826,9.291217902431118
2827,8.143136753010074
2828,10.0
2829,8.856490420694353
2830,8.674710977685248
2831,9.935348526541933
2832,8.97114510243265
2833,5.622506950107953
2834,10.0
2835,9.90834178261658
2836,7.96444593789763
2837,8.476582843528108
2838,9.437194973956391
2839,6.736716124465407
2840,9.294501366403702
2841,7.342033780551727
2842,7.325988648505671
2843,10.0
2844,3.158966697101195
2845,9.147975653987837
2846,9.33301404586056
2847,9.463317773395366
2848,10.0
2849,9.696800007862754
2850,9.506395563890498
2851,6.520654040444402
2852,8.671722045910263
2853,4.888358304571668
2854,5.837498797126622
2855,3.0432016484202196
2856,6.617472048072455
2857,4.364779242237174
2858,10.0
2859,4.187552108226534
2860,10.0
2861,8.098986673821486
2862,7.927695160281246
2863,8.957544901971318
2864,5.535240360891066
2865,8.757517029048442
2866,2.1165613686367593
2867,6.593322964246989
2868,5.293341701935838
2869,8.356211674993327
2870,8.898409959241485
2871,9.978876257535886
2872,8.559389493462593
2873,10.0
2874,9.058848806905115
2875,5.26418370096351
2876,6.134351914028288
2877,1.3757573875814295
2878,3.7686272660823033
2879,8.313645090131432
2880,8.612206558365429
2881,8.707983834632387
2882,8.020790532410503
2883,2.495459615262139
2884,9.818940985822852
2885,8.46460010731461
2886,10.0
2887,7.85222729486948
2888,10.0
2889,10.0
2890,6.488259471794415
2891,10.0
2892,9.19423541218523
2893,5.019347274251312
2894,6.886101620462567
2895,6.547420898846441
2896,7.007046747513472
2897,8.748242989809373
2898,7.02124555290101
2899,1.5382144398543522
2900,6.88763036564467
2901,8.093089533140569
2902,8.99728986781717
2903,8.36005148827964
2904,8.853733703453202
2905,8.793826115483089
2906,8.619935080901724
2907,7.178075961127838
2908,8.770235742707596
2909,9.622106001685085
2910,7.49779195717656
2911,8.847536696405742
2912,8.311211412134158
2913,6.010017659378971
2914,8.703000411872683
2915,9.675130911730717
2916,7.8567705964817085
2917,7.557299515340242
2918,9.261863973968508
2919,7.286283212273292
2920,10.0
2921,6.902651971447092
2922,10.0
2923,5.124849089216007
2924,9.020300185078879
2925,8.93914660454926
2926,10.0
2927,8.871399028340367
2928,9.90645445061504
2929,8.832191471565325
2930,4.844807284840522
2931,6.957779913747711
2932,3.3081810386419215
2933,5.137955395362875
2934,6.921580054440361
2935,9.20378778112467
2936,6.3993698271797514
2937,7.550815606162958
2938,7.352725720896791
2939,8.80821316085443
2940,8.535029270795293
2941,8.35273634059816
2942,7.600607829318461
2943,5.216679780733472
2944,5.999395294617424
2945,7.1161682518160605
2946,5.419553680682786
2947,5.873212137376104
2948,8.820118758791647
2949,9.32387511900746
2950,7.847672876105859
2951,5.114846878224453
2952,4.107990094935151
2953,7.273616441409172
2954,6.593862479415692
2955,6.936616171330406
2956,10.0
2957,6.140411186276634
2958,6.720476705191562
2959,4.662518781100233
2960,5.986173908288324
2961,8.188436161966726
2962,6.121896236264105
2963,4.718006761830563
2964,9.715158252647072
2965,8.37450226557465
2966,3.053898719051549
2967,7.904300878200967
2968,5.821535517319868
2969,5.240738140371274
2970,5.8576365435543165
2971,7.544207253189986
2972,9.166163937809001
2973,8.14971176790187
2974,2.416466008581614
2975,8.708528351015852
2976,8.284721129767785
2977,2.5095732906195325
2978,7.340967054753973
2979,9.563589265745154
2980,8.862013810761697
2981,4.48812638266284
2982,10.0
2983,1.0
2984,8.453024108331023
2985,8.425899456696571
2986,5.425828710721142
2987,5.74413632965224
2988,7.450492660193303
2989,6.7511911312282145
2990,9.497610727148203
2991,8.454800814663193
2992,8.694520681980668
2993,5.789775312072399
2994,8.308769215101274
2995,8.589010786002516
2996,8.741975868103372
2997,10.0
2998,7.546021481323059
2999,9.773014821493852
3000,9.382761979766325
3001,6.694690629590403
3002,8.520471487812596
3003,3.0556935298966694
3004,10.0
3005,6.877811978432176
3006,9.156858979844971
3007,7.8511789484643195
3008,2.380324656341752
3009,8.252558671945096
3010,6.1020239665935465
3011,10.0
3012,6.444944335835689
3013,9.407653575613729
3014,8.586370304775777
3015,1.2189768733524478
3016,6.380907722062468
3017,4.282699963845017
3018,5.488404522888498
3019,7.4640646075553345
3020,10.0
3021,5.552502187834678
3022,7.480641456294891
3023,7.397936190768673
3024,9.886606555002729
3025,6.911020563619713
3026,7.277903483325097
3027,7.8946620643473215
3028,9.1944608431003
3029,7.657062844845716
3030,7.97491996641035
3031,6.353097316363314
3032,4.375377461070874
3033,9.87438796122361
3034,10.0
3035,6.410184447552135
3036,2.7439216866232394
3037,7.103303875779162
3038,6.413918921231365
3039,3.7488115127656134
3040,9.547577730045184
3041,5.961923037886094
3042,3.319615723879007
3043,7.67120972694369
3044,9.562641071990384
3045,9.044264444397601
3046,9.316235596355918
3047,10.0
3048,4.245426375929893
3049,8.751364839476325
3050,9.052492544700103
3051,9.431482189746578
3052,5.6396189495655165
3053,6.636433252226698
3054,7.856322416760918
3055,10.0
3056,10.0
3057,3.9932750145377933
3058,10.0
3059,9.54151643779758
3060,2.0454456265111483
3061,10.0
3062,10.0
3063,3.0960311949628156
3064,9.165602540088516
3065,8.48612199917207
3066,7.905014749009621
3067,5.659396377943018
3068,8.065676685720359
3069,2.339460494588465
3070,8.707395663947384
3071,3.8014252653822447
3072,10.0
3073,6.15032862770096
3074,10.0
3075,5.828541088106554
3076,8.111466647071584
3077,7.6260745200403575
3078,9.791416712500377
3079,10.0
3080,9.897088613380078
3081,7.9746725568716785
3082,10.0
3083,7.8530116573550455
3084,5.647036120375904
3085,2.8333286283589496
3086,7.775991721684109
3087,5.078283330251499
3088,3.536317808290571
3089,9.95559709118368
3090,10.0
3091,7.791149818318804
3092,8.369463290776093
3093,9.061808041644408
3094,2.228976359078608
3095,6.7130967064326645
3096,8.590353164146881
3097,9.86745935145175
3098,7.519425554083297
3099,2.3180281715033004
3100,4.749372230469362
3101,4.4956749061438535
3102,10.0
3103,9.739675544103813
3104,9.326990187501425
3105,8.457552748166904
3106,8.464123708034219
3107,7.276158752826265
3108,8.128710437847907
3109,7.698777746011629
3110,8.608337753358441
3111,3.564351401437231
3112,7.630780827671248
3113,10.0
3114,4.865476237492545
3115,7.8111700005332905
3116,9.489427176611105
3117,9.315653614126788
3118,10.0
3119,6.508173478039569
3120,4.379586086675247
3121,6.6485083529997295
3122,9.052296616303655
3123,3.7021128892338067
3124,8.890137611177268
3125,7.897710229523554
3126,8.66936626091235
3127,10.0
3128,6.708301997441789
3129,5.799439995993584
3130,6.429035939574293
3131,2.7503441260738954
3132,8.777447331263007
3133,8.986531595525747
3134,8.216455600936298
3135,8.994425263651191
3136,7.452276913600066
3137,9.209306801370344
3138,2.6994636780684207
3139,3.1126250236764466
3140,9.644844680897934
3141,2.872266611343241
3142,8.698705135251634
3143,6.581210946729796
3144,9.659974498946777
3145,7.600524782659138
3146,10.0
3147,7.709585068251405
3148,2.9924390492956316
3149,9.479913478523168
3150,5.186576252689753
3151,4.062114290541393
3152,6.812398433271169
3153,10.0
3154,5.206205027796184
3155,5.3184209150601625
3156,7.751170443274083
3157,7.723974034601361
3158,8.30422419528163
3159,10.0
3160,8.829287172121703
3161,3.9072922959082543
3162,8.161375015527522
3163,6.360976527477834
3164,7.143019236426153
3165,8.768550271888751
3166,8.90783394720305
3167,7.073396875730746
3168,10.0
3169,1.580757059432296
3170,7.399339616778593
3171,5.934390058684212
3172,9.700884161830867
3173,7.633512907861739
3174,8.974680188997851
3175,9.913032921003296
3176,7.0798072376967225
3177,2.0171342073710687
3178,8.784347855734016
3179,6.599924474804456
3180,6.398517352136039
3181,10.0
3182,6.948670822861686
3183,7.534684293949128
3184,1.2810855881874652
3185,4.98644010104901
3186,6.05561767377596
3187,7.323822970290632
3188,3.555847907389291
3189,8.604727548444165
3190,8.06267820347165
3191,9.779809648063935
3192,8.531266234653144
3193,4.924636015544544
3194,8.343777408636228
3195,3.03866225247823
3196,3.976208519587421
3197,5.989720942492145
3198,7.025340837230915
3199,9.263171469300291
3200,7.508379496723443
3201,8.274270563014746
3202,7.674922756407542
3203,4.555597734426395
3204,9.470888965624301
3205,6.8849009735242275
3206,9.01763677541909
3207,5.737136636839192
3208,5.6918636423696345
3209,6.636755289592484
3210,8.203241833500552
3211,4.095726427839008
3212,6.516728480053569
3213,9.377988875287924
3214,4.001638503414658
3215,9.548032593178212
3216,10.0
3217,9.331304153130189
3218,1.41172744593443
3219,8.268189108220183
3220,4.839799238260499
3221,6.728050777828527
3222,7.5575359290047
3223,7.529730164826041
3224,9.378571281253915
3225,7.8427407760653
3226,9.572439398728498
3227,6.812737903311597
3228,10.0
3229,7.324564482321933
3230,5.1084300506851505
3231,7.138673738997401
3232,6.4299313453380895
3233,8.621145302552794
3234,3.2873044297659764
3235,7.662180508373719
3236,7.5710795278439065
3237,2.2648341731871477
3238,8.185542984754864
3239,7.748994555212636
3240,6.103106038619772
3241,7.595345179188328
3242,8.805473452771748
3243,5.834967178348666
3244,6.33975289476596
3245,5.206158048305944
3246,4.6215964935259075
3247,9.078360409460567
3248,9.378172284793523
3249,2.8610814226999364
3250,5.624620683421871
3251,7.248315393792141
3252,9.173024097201871
3253,9.315768901183997
3254,7.958962526828288
3255,6.9021065320148365
3256,4.419070141433945
3257,7.760553764537321
3258,7.469907191442254
3259,8.712403921336024
3260,9.664358914518063
3261,9.054455634464986
3262,9.164954532374313
3263,8.326760255871504
3264,6.946022136248299
3265,7.09593914270244
3266,4.562168443040837
3267,10.0
3268,7.672500641853711
3269,5.3333759584260445
3270,9.519614507278275
3271,9.85406273124534
3272,6.64697125777863
3273,8.917864838489313
3274,8.40098729951556
3275,7.90865531848155
3276,6.724763516498368
3277,3.383406309925309
3278,10.0
3279,9.423162565683596
3280,8.978218313107453
3281,9.640752106004147
3282,7.497055779876036
3283,5.7267120610551885
3284,10.0
3285,9.643764529782574
3286,9.184264628066064
3287,8.335286933526236
3288,9.010330666807208
3289,3.8956384338314485
3290,9.962244080318335
3291,7.284377714516567
3292,6.359887415176038
3293,8.258035539321863
3294,7.379473485090656
3295,8.912389633667225
3296,9.494464521435805
3297,8.831390088672933
3298,4.906150884416247
3299,7.175413935407184
3300,6.722669756541544
3301,9.237496184228265
3302,6.662355664247502
3303,8.982116756514735
3304,7.315683582950433
3305,7.494641808992512
3306,9.370950318017497
3307,3.245103413663861
3308,3.229410918762753
3309,7.244345881511694
3310,8.024108096492276
3311,8.760846637266582
3312,10.0
3313,3.9081536301264888
3314,7.548506101251453
3315,7.533477472336918
3316,7.506767201251885
3317,7.822929154351013
3318,10.0
3319,6.540767684635815
3320,7.143186930644029
3321,10.0
3322,5.5315605271293995
3323,7.799840086729224
3324,6.200280553768706
3325,6.088028211143425
3326,8.541810745687544
3327,9.464463815701537
3328,10.0
3329,9.720951626163366
3330,6.077776564585466
3331,7.375195741746724
3332,4.010279689318914
3333,5.85602075271423
3334,9.712185002807615
3335,4.935230016063404
3336,2.915043792942411
3337,4.770315357376908
3338,7.945245342352009
3339,9.006148043825037
3340,5.7267978634649515
3341,9.182039197676426
3342,9.06761060735285
3343,6.307078242350661
3344,7.900479856164299
3345,8.584461187875185
3346,6.598399181372567
3347,10.0
3348,7.853204526720709
3349,8.499876398630041
3350,5.280329956364483
3351,5.93098904744241
3352,7.897817890180968
3353,4.488959615005512
3354,10.0
3355,7.698324599689656
3356,5.832283985383744
3357,10.0
3358,8.9760417722671
3359,5.298178007853327
3360,9.42356919411155
3361,4.196660534443311
3362,2.416705036156585
3363,9.641633099401187
3364,6.7578646904367385
3365,10.0
3366,2.1628415710530344
3367,5.077333650940839
3368,7.467213257863654
3369,7.778300944125423
3370,8.387489941968388
3371,9.392659184469046
3372,9.570568284916986
3373,8.39145930421374
3374,10.0
3375,9.750416608219416
3376,7.81639558115718
3377,9.892250460610786
3378,8.765223565314981
3379,6.655744186892785
3380,8.934606155585366
3381,9.491075382267855
3382,9.238937583578423
3383,10.0
3384,7.994401378456704
3385,7.941320412806446
3386,10.0
3387,8.332831468325947
3388,9.45767016463419
3389,5.136521428340872
3390,9.828145104033904
3391,10.0
3392,8.052916781093284
3393,6.7442643541910705
3394,10.0
3395,9.516225081233124
3396,8.791371139066824
3397,7.744800248585726
3398,9.805846346411101
3399,9.999729588477317
3400,7.859661346175377
3401,7.549883473603363
3402,9.415038604151698
3403,8.77953711682313
3404,5.768760757527911
3405,7.123794217585385
3406,8.556822106625056
3407,7.699862230334397
3408,10.0
3409,9.252975588705421
3410,7.053534782974999
3411,7.302037311499334
3412,6.612276008723932
3413,9.559779377810095
3414,8.571540731653506
3415,9.427319372661543
3416,9.402057402134139
3417,9.23608549365945
3418,8.085292010908136
3419,7.879811880424422
3420,3.8297762121609056
3421,4.021454397498728
3422,9.988166990744238
3423,6.856566352430352
3424,4.826040239649899
3425,7.244625493597261
3426,5.147253024530177
3427,3.670037261701532
3428,10.0
3429,4.644887637043147
3430,7.554317489614891
3431,7.531047052350906
3432,10.0
3433,8.545958302765607
3434,8.17473456098341
3435,8.66025632786426
3436,9.291772128218287
3437,9.925608493218775
3438,8.885975451365246
3439,8.152824969979736
3440,8.768559296782938
3441,8.224947692915496
3442,3.3067633550174067
3443,5.709714932504127
3444,3.771470294470706
3445,9.27871787787701
3446,3.5677132173400494
3447,9.149821571929888
3448,9.150358805287638
3449,9.702420148394149
3450,6.769516089679439
3451,9.394421361533212
3452,9.402886389787247
3453,4.348234703952394
3454,8.532419279046888
3455,3.661131555145605
3456,4.536311784987648
3457,4.722624517879075
3458,7.026590378401826
3459,9.01421300542726
3460,8.577125639725553
3461,6.619492098198994
3462,7.838747553462602
3463,9.739236420783058
3464,4.7506377499298384
3465,9.515954300267666
3466,9.484437556400195
3467,7.183072400407422
3468,9.744156460249323
3469,10.0
3470,6.931042417309986
3471,5.675700993073006
3472,6.358046929478403
3473,10.0
3474,7.924520226662986
3475,3.5900733701642342
3476,9.64192551145927
3477,6.007962865642082
3478,6.059925395526173
3479,4.076558092143991
3480,10.0
3481,4.2241544341389075
3482,6.81188506524423
3483,9.474883430377487
3484,1.8292626910542071
3485,9.420250463948506
3486,4.254581452707609
3487,8.63846173121508
3488,8.91739990927456
3489,9.465414424384644
3490,6.441098432502039
3491,7.791744832916841
3492,6.104876191349673
3493,6.373580481536715
3494,1.6876682601062551
3495,7.362329006375673
3496,7.516281091738869
3497,8.219279109912348
3498,9.025050395189883
3499,5.8594957768565274
3500,8.508881846936957
3501,3.2344603820218993
3502,7.9863574588665545
3503,8.833145597944934
3504,6.539433341776709
3505,8.93932907136938
3506,9.234124151449645
3507,9.982255730749035
3508,6.867705209150214
3509,6.472345592076752
3510,8.788676685164052
3511,7.816632058485641
3512,8.619305229516565
3513,10.0
3514,7.0540592307276455
3515,9.153713829437612
3516,10.0
3517,9.063946008099643
3518,5.737252890804336
3519,5.300730874202451
3520,9.44618764523195
3521,6.825161747684469
3522,6.3732020820518285
3523,8.558768449060768
3524,6.946931538351184
3525,2.2901580782550734
3526,9.063946008099643
3527,4.91830873066412
3528,8.945091532213194
3529,7.1951736155714565
3530,8.742564682246076
3531,8.653850129722182
3532,1.8278948260779377
3533,9.764577437253278
3534,10.0
3535,8.580153288928878
3536,5.303557543083331
3537,10.0
3538,6.036208182420696
3539,9.198286941010956
3540,4.885852009847305
3541,9.88422602940081
3542,7.811132449767264
3543,10.0
3544,8.964516108332525
3545,7.509316487500074
3546,2.4103998033554217
3547,6.860859383028612
3548,10.0
3549,9.561534009237947
3550,9.357181677796142
3551,4.841234196825055
3552,5.356422176533694
3553,9.522072077394508
3554,7.662102804640317
3555,7.256751787010338
3556,9.109984814060482
3557,10.0
3558,10.0
3559,5.4737491862461525
3560,7.826827367959873
3561,8.327796823012255
3562,3.9861364409328464
3563,5.6862667011725465
3564,10.0
3565,6.951744813056041
3566,10.0
3567,10.0
3568,4.316095547631231
3569,3.149599256511843
3570,3.1143547904546
3571,6.7628554112978785
3572,3.8951817837641958
3573,5.306276660902664
3574,7.388048026794794
3575,6.951492195895808
3576,9.263659643596462
3577,7.559148918827584
3578,6.166082486756613
3579,6.630347821066941
3580,6.036768300979212
3581,1.2889501962691607
3582,8.21600267829859
3583,9.314399374208666
3584,9.123029614132909
3585,5.606497639843195
3586,9.844955521321253
3587,8.430430278603051
3588,9.377951451486807
3589,9.122604240463481
3590,10.0
3591,6.565070670129818
3592,4.949638375723725
3593,7.717284337566936
3594,4.924626480884937
3595,7.7437135500767695
3596,9.627865851509743
3597,3.545526336586622
3598,4.796050095006362
3599,9.842816762475493
3600,9.327556496683613
3601,10.0
3602,9.70516831551561
3603,6.3870026962171655
3604,10.0
3605,8.04038767886971
3606,9.623392593366695
3607,4.138481369595692
3608,10.0
3609,10.0
3610,5.3300440885465346
3611,8.660873313137719
3612,5.482259637247284
3613,8.657462968901289
3614,2.5539790564428295
3615,6.474027115302426
3616,6.4953327574718855
3617,8.331063221405806
3618,7.586576644415792
3619,7.586058974472124
3620,8.767769795645355
3621,9.439724449511239
3622,6.40330028817797
3623,6.607166489561101
3624,4.452872447843511
3625,7.540143955016848
3626,8.001986483764712
3627,9.098655017368413
3628,10.0
3629,9.1260188961767
3630,10.0
3631,8.216441043343396
3632,9.544512394986896
3633,5.139668547143413
3634,6.170617498064912
3635,8.841806416878313
3636,9.139739204612761
3637,9.136579719372897
3638,7.656366013331466
